{
    "dataset": "tgbn",
    "best_epoch": 250,
    "best_train_loss": 2.894819498062134,
    "best_validation_score": 0.5936885746714824,
    "best_test_score": 0.2961898298850263,
    "hidden_units": [
        128,
        10
    ],
    "aggregation": "mean",
    "sampling_sizes": [
        5,
        2
    ],
    "surrogate": "sigmoid",
    "neuron": "LIF",
    "alpha": 1.0,
    "dropout": 0.7,
    "total_time_elapsed": 105.38121175765991
}